<?xml version="1.0" encoding="UTF-8" ?>
<!DOCTYPE configuration
  PUBLIC "-//mybatis.org//DTD Config 3.0//EN"
  "http://mybatis.org/dtd/mybatis-3-config.dtd">
<configuration>
	<typeAliases>
		<typeAlias type="com.readbooks.uservo.UserVO" alias="user" />
		<typeAlias type="com.readbooks.bookvo.BookVO" alias="book" />
		<typeAlias type="com.readbooks.ordervo.OrderVO" alias="order" />
		<typeAlias type="com.readbooks.cartvo.CartVO" alias="cart" />
		<typeAlias type="com.readbooks.mylistvo.MyListVO" alias="mylist" />
		<typeAlias type="com.readbooks.faqboardvo.FAQBoardVO" alias="faqboard" />
		<typeAlias type="com.readbooks.noticeboardvo.NoticeBoardVO"
			alias="noticeboard" />
		<typeAlias type="com.readbooks.inquireboardvo.InquireBoardVO"
			alias="inquireboard" />
		<typeAlias alias="reviewboard" type="com.readbooks.reviewboardvo.ReviewBoardVO" />

		<typeAlias alias="reviewreply" type="com.readbooks.reviewreplyvo.ReviewReplyVO" />
	</typeAliases>
</configuration>